Temperature..K.,Luminosity.L.Lo.,Radius.R.Ro.,Absolute.magnitude.Mv.,Star.type,Star.color,Spectral.Class
3068,0.0024,0.17,16.12,0,Red,M
3042,"0,0005",0.1542,16.6,0,Red,M
2600,"0,0003",0.102,18.7,0,Red,M
2800,"0,0002",0.16,16.65,0,Red,M
1939,0.000138,0.103,20.06,0,Red,M
2840,0.00065,0.11,16.98,0,Red,M
2637,0.00073,0.127,17.22,0,Red,M
2600,"0,0004",0.096,17.4,0,Red,M
2650,0.00069,0.11,17.45,0,Red,M
2700,0.00018,0.13,16.05,0,Red,M
3600,0.0029,0.51,10.69,1,Red,M
3129,0.0122,0.3761,11.79,1,Red,M
3134,"0,0004",0.196,13.21,1,Red,M
3628,0.0055,0.393,10.48,1,Red,M
2650,"0,0006",0.14,11.782,1,Red,M
3340,0.0038,0.24,13.07,1,Red,M
2799,0.0018,0.16,14.79,1,Red,M
3692,0.00367,0.47,10.8,1,Red,M
3192,0.00362,0.1967,13.53,1,Red,M
3441,0.039,0.351,11.18,1,Red,M
25000,0.056,0.0084,10.58,2,Blue White,B
7740,0.00049,0.01234,14.02,2,White,A
7220,0.00017,0.011,14.23,2,White,F
8500,"0,0005",0.01,14.5,2,White,A
16500,0.013,0.014,11.89,2,Blue White,B
12990,8.5e-05,0.00984,12.23,2,Yellowish White,F
8570,0.00081,0.0097,14.2,2,Blue white,A
7700,0.00011,0.0128,14.47,2,Yellowish White,F
11790,0.00015,0.011,12.59,2,Yellowish White,F
7230,"0,00008",0.013,14.08,2,Pale yellow orange,F
39000,204000,10.6,-4.7,3,Blue,O
30000,28840,6.3,-4.2,3,Blue-white,B
15276,1136,7.2,-1.97,3,Blue-white,B
9700,74,2.89,0.16,3,Whitish,B
5800,0.81,0.9,5.05,3,yellow-white,F
8052,8.7,1.8,2.42,3,Whitish,A
6757,1.43,1.12,2.41,3,yellow-white,F
6380,1.35,0.98,2.93,3,yellow-white,F
5936,1.357,1.106,4.46,3,yellow-white,F
5587,0.819,0.99,5.03,3,yellow-white,F
3826,200000,19,-6.93,4,Red,M
3365,340000,23,-6.2,4,Red,M
3270,150000,88,-6.02,4,Red,M
3200,195000,17,-7.22,4,Red,M
3008,280000,25,-6,4,Red,M
3600,320000,29,-6.6,4,Red,M
3575,123000,45,-6.78,4,Red,M
3574,200000,89,-5.24,4,Red,M
3625,184000,84,-6.74,4,Red,M
33750,220000,26,-6.1,4,Blue,B
3490,270000,1520,-9.4,5,Red,M
3750,283000,1260,-7.63,5,Red,M
3834,272000,1183,-9.2,5,Red,M
3749,550000,1648,-8.05,5,Orange,M
3650,310000,1324,-7.79,5,Red,M
3450,263000,1349,-11.75,5,Red,M
3660,363000,1673,-11.92,5,Red,M
3450,174000,1284,-11.28,5,Red,M
3752,209000,955,-11.24,5,Red,M
3535,195000,1546,-11.36,5,Red,M
3341,0.0056,0.057,16.23,0,Red,M
3432,0.00067,0.19,16.94,0,Red,M
2983,0.00024,0.094,16.09,0,Red,M
2835,0.00034,0.0918,16.96,0,Red,M
2935,0.00014,0.116,18.89,0,Red,M
3295,0.00098,0.132,17.13,0,Red,M
2945,0.00032,0.093,18.34,0,Red,M
2817,0.00098,0.0911,16.45,0,Red,M
2774,0.00036,0.118,17.39,0,Red,M
2871,0.00072,0.12,19.43,0,Red,M
3345,0.021,0.273,12.3,1,Red,M
3607,0.022,0.38,10.12,1,Red,M
3304,0.0085,0.18,13.2,1,Red,M
3150,0.0088,0.35,11.94,1,Red,M
3550,0.004,0.291,10.89,1,Red,M
3180,0.001,0.35,11.76,1,Red,M
2890,0.0034,0.24,13.46,1,Red,M
3342,0.0015,0.307,11.87,1,Red,M
2621,"0,0006",0.098,12.81,1,Red,M
3158,0.00135,0.161,13.98,1,Red,M
7100,0.00029,0.012,14.09,2,White-Yellow,F
10574,0.00014,0.0092,12.02,2,White,F
8930,0.00056,0.0095,13.78,2,white,A
17200,0.00098,0.015,12.45,2,Blue White,B
14100,0.00067,0.0089,12.17,2,Blue White,B
9675,0.00045,0.0109,13.98,2,Blue White,A
12010,0.00078,0.0092,12.13,2,Blue White,B
10980,0.00074,0.0087,11.19,2,Blue White,B
13720,0.00018,0.00892,12.97,2,white,F
19860,0.0011,0.0131,11.34,2,Blue ,B
5300,0.59,0.91,5.49,3,yellow-white,F
4526,0.153,0.865,6.506,3,yellowish,K
4077,0.085,0.795,6.228,3,yellowish,K
4980,0.357,1.13,4.78,3,Yellowish,K
9030,45,2.63,1.45,3,Blue-white,A
11250,672,6.98,-2.3,3,Blue-white,A
5112,0.63,0.876,4.68,3,Orange-Red,K
7720,7.92,1.34,2.44,3,yellow-white,F
12098,689,7.01,0.02,3,Blue-white,A
36108,198000,10.2,-4.4,3,Blue,O
33300,240000,12,-6.5,4,Blue,B
40000,813000,14,-6.23,4,Blue,O
23000,127000,36,-5.76,4,Blue,O
17120,235000,83,-6.89,4,Blue,O
11096,112000,12,-5.91,4,Blue,O
14245,231000,42,-6.12,4,Blue,O
24630,363000,63,-5.83,4,Blue,O
12893,184000,36,-6.34,4,Blue,O
24345,142000,57,-6.24,4,Blue,O
33421,352000,67,-5.79,4,Blue,O
3459,100000,1289,-10.7,5,Red,M
3605,126000,1124,-10.81,5,Red,M
3615,200000,1635,-11.33,5,Red,M
3399,117000,1486,-10.92,5,Red,M
3610,132000,1522,-10.86,5,Red,M
3553,145000,1324,-11.03,5,Red,M
4015,282000,1534,-11.39,5,Red,K
3625,74000,876,-10.25,5,Red,M
6850,229000,1467,-10.07,5,Red,G
3780,200000,1324,-10.7,5,Red,M
3323,0.00043,0.0912,17.16,0,Red,M
3531,0.00093,0.0976,19.94,0,Red,M
3218,0.00054,0.11,20.02,0,Red,M
3146,0.00015,0.0932,16.92,0,Red,M
3511,0.00064,0.109,17.12,0,Red,M
3225,0.00076,0.121,19.63,0,Red,M
2935,0.00087,0.0932,16.88,0,Red,M
2861,0.00019,0.0899,16.71,0,Red,M
2856,0.000896,0.0782,19.56,0,Red,M
2731,0.000437,0.0856,18.09,0,Red,M
3095,0.00019,0.492,10.87,1,Red,M
3607,0.00023,0.38,10.34,1,Red,M
3100,0.008,0.31,11.17,1,Red,M
2989,0.0087,0.34,13.12,1,Red,M
3542,"0,0009",0.62,14.23,1,Red,M
3243,0.0023,0.73,14.75,1,Red,M
3091,0.0081,0.24,11.43,1,Red,M
3598,0.0011,0.56,14.26,1,Red,M
3324,0.0034,0.34,12.23,1,Red,M
3541,0.0013,0.256,14.33,1,Red,M
13420,0.00059,0.00981,13.67,2,Blue White,B
21020,0.0015,0.0112,11.52,2,Blue,B
18290,0.0013,0.00934,12.78,2,Blue,B
14520,0.00082,0.00972,11.92,2,Blue White,B
11900,0.00067,0.00898,11.38,2,Blue white ,B
8924,0.00028,0.00879,14.87,2,Blue white,A
12912,0.00071,0.00945,12.83,2,Blue white,B
14732,0.00011,0.00892,12.89,2,white,F
7723,0.00014,0.00878,14.81,2,White,A
12984,0.00088,0.00996,11.23,2,Blue White,B
29560,188000,6.02,-4.01,3,Blue-white,B
8945,38,2.487,0.12,3,Blue-White,A
14060,1092,5.745,-2.04,3,Blue-white,A
16390,1278,5.68,-3.32,3,Blue-white,B
25070,14500,5.92,-3.98,3,Blue-white,B
28700,16790,6.4,-4.09,3,Blue-white,B
26140,14520,5.49,-3.8,3,Blue-white,B
20120,4720,6.78,-3.4,3,Blue-white,B
13023,998,6.21,-1.38,3,Blue-white,A
37800,202900,6.86,-4.56,3,Blue,O
25390,223000,57,-5.92,4,Blue,O
11567,251000,36,-6.245,4,Blue,O
12675,452000,83,-5.62,4,Blue,O
5752,245000,97,-6.63,4,Blue,O
8927,239000,35,-7.34,4,Blue,O
7282,131000,24,-7.22,4,Blue,O
19923,152000,73,-5.69,4,Blue,O
26373,198000,39,-5.83,4,Blue,O
17383,342900,30,-6.09,4,Blue,O
9373,424520,24,-5.99,4,Blue,O
3570,320000,1480,-7.58,5,Red,M
3500,138000,1420,-8.18,5,Red,M
4287,630000,1315,-9.2,5,Orange,K
26000,316000,1679,-9.1,5,Blue,B
3600,240000,1190,-7.89,5,Red,M
3614,145000,1553,-7.71,5,Red,M
18000,200000,1045,-8.3,5,Blue,O
11000,170000,1779,-9.9,5,Blue-white,B
12100,120000,708.9,-7.84,5,Blue-white,B
24490,248490,1134.5,-8.24,5,Blue-white,B
2831,0.000231,0.0915,16.21,0,Red,M
2914,0.000631,0.116,18.39,0,Red,M
3419,0.000245,0.126,17.56,0,Red,M
3218,0.000452,0.0987,17.34,0,Red,M
3453,0.000621,0.0773,17.08,0,Red,M
2889,0.000352,0.0973,16.93,0,Red,M
2968,0.000461,0.119,17.45,0,Red,M
3484,0.000551,0.0998,16.67,0,Red,M
2778,0.000849,0.112,19.45,0,Red,M
3523,0.000957,0.129,16.35,0,Red,M
3462,0.0053,0.148,11.47,1,Red,M
3257,0.0024,0.46,10.73,1,Red,M
2994,0.0072,0.28,13.45,1,Red,M
3212,0.0016,0.378,12.854,1,Red,M
3523,0.0054,0.319,12.43,1,Red,M
3598,0.0027,0.67,13.667,1,Red,M
3142,0.00132,0.258,14.12,1,Red,M
3496,0.00125,0.336,14.94,1,Red,M
3324,0.0065,0.471,12.78,1,Red,M
3463,0.0027,0.675,14.776,1,Red,M
16790,0.0014,0.0121,12.87,2,Blue,B
15680,0.00122,0.0114,11.92,2,Blue,B
14982,0.00118,0.0113,12.23,2,Blue,B
13340,0.00109,0.0116,12.9,2,Blue,B
18340,0.00134,0.0124,11.22,2,Blue,B
19920,0.00156,0.0142,11.34,2,Blue,B
24020,0.00159,0.0127,10.55,2,Blue,B
23092,0.00132,0.0104,10.18,2,Blue,B
17920,0.00111,0.0106,11.66,2,Blue,B
19360,0.00125,0.00998,11.62,2,Blue,B
22350,12450,6.36,-3.67,3,Blue-white,B
10012,552,5.856,0.013,3,Blue-white,A
13089,788,5.992,-0.12,3,Blue-white,A
22012,6748,6.64,-2.55,3,Blue-white,B
34190,198200,6.39,-4.57,3,Blue,O
32460,173800,6.237,-4.36,3,Blue,O
9320,29,1.91,1.236,3,Blue-white,A
19400,10920,6.03,-3.08,3,Blue-white,B
17140,883,5.653,-2.64,3,Blue-white,B
8250,9.25,1.93,-0.98,3,yellow-white,F
23678,244290,35,-6.27,4,Blue,O
12749,332520,76,-7.02,4,Blue,O
9383,342940,98,-6.98,4,Blue,O
23440,537430,81,-5.975,4,Blue,O
16787,246730,62,-6.35,4,Blue,O
18734,224780,46,-7.45,4,Blue,O
9892,593900,80,-7.262,4,Blue,O
10930,783930,25,-6.224,4,Blue,O
23095,347820,86,-5.905,4,Blue,O
21738,748890,92,-7.346,4,Blue,O
24145,382993,1494,-8.84,5,Blue-white,B
38234,272830,1356,-9.29,5,Blue,O
32489,648430,1948.5,-10.84,5,Blue,O
27739,849420,1252,-7.59,5,Blue-white,B
21904,748490,1130,-7.67,5,Blue-white,B
38940,374830,1356,-9.93,5,Blue,O
30839,834042,1194,-10.63,5,Blue,O
8829,537493,1423,-10.73,5,White,A
9235,404940,1112,-11.23,5,White,A
37882,294903,1783,-7.8,5,Blue,O
11684.3083333333,114932.231040971,282.026305208333,4.3418375,5,Red,M
9708.58333333333,129387.892686067,240.336289666667,4.71746666666667,1,Red,B
11268.0916666667,98063.9702920583,267.771976,5.00715416666667,0,Blue,O
10817.3041666667,97327.9625424042,228.532162125,5.07335416666667,3,Red,O
9374.675,124316.550406479,255.111078666667,4.76220833333333,0,white,O
10463.6583333333,101219.140522288,235.7939125,4.05959166666667,4,Red,M
11136.0541666667,104764.686079779,314.102177166667,5.39967916666667,0,Red,M
10732.9041666667,102775.630972733,264.991197625,4.33969583333333,0,Blue,A
9894.09166666667,116545.087719075,308.677929833333,4.91224166666667,0,Red,F
10821.1333333333,107606.467090596,230.318733375,4.33774166666667,5,Red,B
10898.2666666667,90734.2871106458,243.863184166667,4.79213333333333,5,Red,M
10878.4791666667,109530.1201544,219.780539291667,4.0550875,5,Red,M
10811.7791666667,98547.5019496208,277.421626708333,5.67111666666667,1,Blue,M
11042.4791666667,97578.0367784292,280.337818458333,4.80572916666667,5,Red,M
10799.4708333333,107675.096888821,263.393754833333,4.3558875,1,Red,M
10291.5458333333,132493.464876483,258.524256291667,4.1175,2,Blue,A
10433.7333333333,113105.773590813,187.885374,4.49664166666667,0,Red,O
9224.22916666667,84686.363101825,244.46463425,4.44935,2,Red,M
10419.1291666667,108586.0688584,254.520864625,4.28789583333333,3,White,M
10389.2208333333,119491.508547092,217.272339583333,4.08374583333333,2,Red,O
11100.0333333333,121333.030890396,225.976380875,3.8521375,5,Blue,M
11208.4166666667,104224.021150696,256.772621458333,3.4589375,5,Red,O
10057.3791666667,87016.4465206792,181.595238208333,5.320975,4,Red,A
10176.525,108226.248834913,219.909636291667,5.75504166666667,3,Red,O
10464.9291666667,95905.1123340208,244.229883333333,4.29617083333333,5,yellow-white,M
10017.0833333333,133225.911340404,212.525979791667,4.1471875,5,Red,M
11169.6833333333,109005.266202475,226.797129541667,3.98866666666667,5,Red,M
10337.4541666667,108679.794702942,369.537278958333,4.6453375,1,Blue-white,A
10050.2208333333,115723.101821821,216.087641833333,5.19017916666667,4,Blue,B
11152.1958333333,95798.4923238,209.800431708333,6.5405625,3,Blue-white,M
10564.2333333333,118203.751443704,206.174264208333,3.74990833333333,5,Red,M
10476.775,117319.876935829,167.648661458333,3.69744166666667,2,Red,M
10314.65,98073.8290395875,204.394831,4.11610833333333,5,Red,B
10086.0208333333,122212.347329383,220.866476541667,4.03526666666667,1,Red,B
10125.6708333333,101669.383394925,237.314967,5.3251125,2,Red,M
10467.3666666667,107764.02265635,258.268139666667,4.73769166666667,1,Red,M
10752.3208333333,92405.2889756,217.67042425,3.88073333333333,5,Blue,F
10501.3666666667,113622.008357117,187.286529833333,4.86742916666667,3,Red,M
11478.6208333333,99125.7553802542,216.630184166667,4.4013875,3,Blue,M
10873.7541666667,112407.995590017,250.141112291667,4.9862125,5,Blue-white,K
10731.2,107295.191676208,302.91710325,4.82055416666667,1,Blue,M
10952.3583333333,107493.618494254,218.06315075,4.13314583333333,1,Red,F
11204.6,98404.6593217042,240.839904041667,3.93501666666667,4,Red,B
10057.5083333333,92457.0002418875,202.129311875,3.28340416666667,1,Red,M
11002.3291666667,107507.111462579,233.33636,4.0923125,4,Red,M
9821.175,133069.687693933,203.141339833333,4.18823333333333,4,Red,M
10040.575,108915.196723971,253.837607625,4.45162083333333,1,Red,M
10411.4375,109213.393314346,242.751431875,3.69655416666667,3,Blue-white,A
11386.9375,104495.110490646,214.01311125,4.9310875,0,Red,M
9640.5875,122692.844413317,235.54505,3.45190833333333,1,Blue-white,B
11456.025,101422.606205812,180.684321583333,4.17647083333333,3,Red,O
10141.2583333333,108452.842692796,251.470553083333,4.5674125,4,Blue-white,B
10941.975,105309.529882383,293.291685208333,3.95518333333333,1,white,M
10488.3916666667,97189.9065335125,299.48341525,5.04145833333333,2,Orange,F
10326.1375,98176.2186115292,218.381125708333,4.13642083333333,2,Blue,O
8983.0375,102512.287372417,197.594442041667,4.51754166666667,5,Red,O
10958.35,110029.733614883,285.525341541667,3.7021,0,Red,K
9555.04166666667,108569.035056746,268.64528175,3.76576666666667,3,Red,M
10277.8541666667,100616.257001642,200.704339916667,5.63266666666667,0,Blue,M
10884.2541666667,109645.620012225,244.102674125,4.284425,3,Red,M
10899.2833333333,96893.8909442,258.434084166667,3.49265416666667,4,white,F
9719.1875,116538.188625546,233.419123666667,3.94755416666667,2,yellow-white,O
10956.825,115195.974736633,238.539194333333,5.5940125,3,Red,O
10338.5083333333,121609.139579308,192.961801041667,5.18283333333333,4,Blue-white,M
11835.4625,125649.622505396,325.553013458333,5.0863,2,Red,M
9728.4875,88846.8960869125,273.941740875,3.49987916666667,1,Yellowish White,F
10755.9291666667,87416.3018700792,250.41066075,4.45170833333333,2,yellow-white,F
9438.2875,117247.779548646,309.496039083333,3.88839583333333,5,Blue,M
11236.9666666667,123989.642038325,242.956434625,4.776225,0,Red,B
10063.4041666667,117490.820677492,227.267449333333,3.44634583333333,5,Red,B
10066.1,103140.870164471,191.948023916667,5.13959166666667,0,yellow-white,A
11168.3875,109030.175469846,235.735294875,4.11283333333333,5,Blue,M
10635.1041666667,95852.0774294375,236.293270458333,3.77486666666667,5,Red,M
10943.5791666667,99805.2978529875,209.169962708333,3.62493333333333,1,Red,M
10330.0041666667,98145.47142205,254.06921375,3.7288375,2,Red,M
10213.6958333333,103365.719149538,243.109447958333,5.2178,1,Red,B
10963.0875,109835.416895496,243.243035375,3.9982875,5,yellowish,B
10539.375,96939.2286560292,308.832567,3.83355416666667,0,Red,M
10878.4666666667,124989.886434163,326.453544083333,4.1628375,1,Blue-white,M
10234.4666666667,100702.906608054,247.014861208333,5.18101666666667,0,Red,M
10648.6166666667,101293.165708058,247.533175958333,5.28387083333333,4,Blue,M
10201.35,94132.8979413667,233.44719025,3.23525,5,Red,M
10353.1,109073.043913862,241.722439458333,3.26315416666667,2,Blue-white,M
9089.125,103131.515135417,265.815989041667,4.36977083333333,2,Red,M
9601,88589.1084581167,233.188571166667,3.3337,4,Blue,M
10031.475,87321.8456645792,250.535177875,5.41677916666667,0,Blue-white,A
10561.2583333333,135698.261037146,240.701913083333,3.412825,1,Blue,M
10205.6791666667,109563.08573485,227.425885416667,4.94626666666667,0,Blue-white,F
10823.1958333333,107207.290526933,168.568703875,4.37738333333333,1,Blue,A
11265.8041666667,119098.593042017,188.400057833333,5.33983333333333,2,Red,M
12012.6541666667,95144.9810816792,216.169955375,4.2452375,0,Red,B
10537.0875,107410.645644004,256.570549166667,3.70828333333333,2,Red,K
9650.825,107274.887997721,232.73789725,4.24227916666667,5,Blue-white,M
10493.3291666667,108070.391791192,229.329731333333,4.60407916666667,3,Blue-white,M
10380.1791666667,107954.054373329,269.352418125,5.161975,5,Red,B
11395.95,105817.576945104,181.639910875,4.24422916666667,2,Red,M
9091.36666666667,100597.351898167,240.372810625,4.478,2,Orange,B
11524.425,109914.749632804,244.754519625,5.37275833333333,3,Orange,O
10627.7375,112835.652657913,236.828973666667,2.63576666666667,3,Red,B
10467.2666666667,100053.062801412,294.448224666667,4.27643333333333,0,Blue,B
10666.4333333333,107283.08087995,220.601987833333,4.61104583333333,1,Blue-white,K
11543.025,109962.394029642,284.026386458333,4.7303375,2,Blue,M
10846.7583333333,108765.209870512,237.009516458333,4.50612083333333,2,Red,O
10623.0708333333,85320.9443313375,235.328975458333,4.69180833333333,4,Red,F
11403.25,128446.102955046,212.505139541667,4.14090833333333,3,Red,O
10095.8416666667,97518.4454679708,246.387680541667,4.2675625,1,Blue-white,O
11496.1291666667,111381.055160104,202.325750833333,4.634075,2,White,M
11372.3041666667,115799.618391112,217.5510945,4.6197375,5,Red,M
10404.1458333333,126256.0833448,245.404638833333,4.54014166666667,4,Red,M
10708.9583333333,108448.483951733,248.482272416667,3.7657125,0,Blue white ,M
10410.9333333333,120003.027371929,223.396152791667,5.099325,4,Blue,M
10049.6916666667,101459.546782771,262.335367041667,5.6413875,1,Blue,A
9810.9375,88952.3105926375,188.37085025,4.00102083333333,2,Red,M
10558.7083333333,101584.949339133,268.461235916667,4.6584,2,yellow-white,A
11434.2625,106108.394180383,183.344281041667,4.63344166666667,2,Red,M
11397.375,107818.158495608,207.719493,4.73125833333333,0,Blue-white,M
9891.34166666667,106772.612020671,195.706950666667,4.815625,0,Blue,B
10930.1458333333,93002.6284074708,211.406551458333,3.55327916666667,2,Red,M
10391.8166666667,93664.7160326333,207.58574375,4.15954583333333,3,Blue,M
9895.42916666667,115942.861543579,313.093192041667,4.72744583333333,5,Blue,M
10260.3,110446.648394029,275.617286708333,3.07732083333333,4,Blue,M
10599.65,97364.9104034792,246.84528175,3.86409583333333,3,Blue-White,A
10797.7875,80852.0128984917,181.348011708333,4.99109166666667,1,Red,M
10283.1458333333,100197.851143296,280.140170125,4.56129166666667,0,Blue-white,B
10146.7875,90433.1415154917,198.644142625,4.43312916666667,5,Red,A
12160.3625,106382.270892229,200.6184615,4.61273333333333,0,Red,K
10515.8875,106705.554717317,306.879124541667,3.41248333333333,5,Red,M
11071.5041666667,96144.8797130917,265.109803083333,5.84147916666667,2,Blue,M
10437.5791666667,122667.653359583,263.383504375,5.3730375,5,Red,A
10923.0916666667,83262.1326928875,251.3360555,4.54564166666667,2,Blue-white,M
10435.2625,119365.848496142,257.2340325,4.29293333333333,5,Red,A
11497.9958333333,110367.060874296,260.516532625,4.60597083333333,4,Red,B
10681.2708333333,99396.5287708333,236.811885416667,5.64225,5,Red,O
11026.4041666667,108681.735264154,232.440976333333,4.05949166666667,5,Orange,O
10433.2166666667,109221.4519207,282.767137,5.48984166666667,1,Red,O
10190.9875,98186.46672735,219.122514625,4.61944166666667,4,Red,F
9419.9,127957.658151733,291.418596625,4.45642083333333,1,Red,F
10529.675,115165.825165846,274.897801375,4.57380833333333,5,Red,F
10551.7416666667,126016.426184917,264.040619125,5.83554583333333,1,Red,M
10680.1333333333,107720.548031075,246.533085666667,3.90275,2,Red,M
11521.3375,104244.663186471,279.6801435,4.43245416666667,1,Red,M
11103.7208333333,125255.333218925,152.236971666667,5.68745416666667,4,Red,O
9780.75,105271.729691808,266.636906708333,4.19479583333333,4,Red,M
10774.2875,109302.699233329,210.900811958333,4.63056666666667,5,Red,M
11170.6958333333,108786.148615279,218.39788025,3.2882375,5,Red,B
10384.8125,102130.386788617,274.422789583333,4.68980416666667,1,Red,M
10380.7208333333,102866.107081729,256.584832541667,4.63602083333333,3,Red,M
10626.2583333333,107461.0634274,241.251128875,4.4532125,2,Blue White,M
10437.1791666667,104973.706676492,193.812594541667,6.09507083333333,1,Blue-white,M
11083.525,111005.584260308,187.979400333333,4.96402083333333,2,Blue,O
10204.3166666667,101393.416334883,224.861861125,3.86212916666667,0,yellowish,B
12133.4416666667,111335.616633613,233.461869166667,4.86133333333333,4,Red,M
10578.0125,111782.811995892,215.302960625,4.67600833333333,1,Blue-white,F
10283.9958333333,106637.418316333,226.913012791667,3.40934166666667,1,White,B
11036.5583333333,112945.701914642,306.962403291667,3.38776666666667,2,Blue,M
10108.8666666667,122003.234834171,265.299943416667,3.772325,3,Blue,M
9886.6125,107123.715896037,231.951100125,4.2543375,3,Red,O
10117.675,102350.544231083,288.403463375,4.19285416666667,3,Blue,A
10083.8875,110654.209083958,182.211382916667,4.41305833333333,5,Red,M
9582.32916666667,117744.390756804,182.625432125,4.1513,1,Blue-white,M
10217.1375,126470.914839783,255.163946916667,4.34711666666667,1,Blue ,B
10385.1458333333,101711.532058633,240.021371541667,3.909925,5,Red,O
10398.7666666667,98418.1277307083,248.29389325,4.952825,5,Red,M
11579.8,90918.60470915,232.968002333333,2.95343333333333,3,Blue,A
9158.4875,106206.603846792,220.269101875,4.94753333333333,4,Orange,F
10662.0916666667,118287.317624758,249.122211916667,4.26504166666667,4,Blue White,O
10908.4875,99813.5801915875,205.359129625,4.81614583333333,4,white,M
10797.775,118650.505550042,218.16544325,3.8932875,2,Red,B
10589.6333333333,107271.70027555,161.8982305,3.93992916666667,5,Red,O
10821.8916666667,111811.256757829,210.041384166667,4.23675833333333,1,Blue,B
10039.975,111549.911288921,241.973253916667,5.14581666666667,2,Blue-white,M
10127.8875,116299.270780796,246.570234,4.50538333333333,2,Blue,M
11758.8625,104606.062916896,274.178257875,4.723125,5,Blue White,O
9825.9375,107559.496028863,276.937061875,4.57715416666667,1,yellow-white,M
9854.625,114621.072500446,223.258281958333,5.34313333333333,0,Blue,M
10853.6041666667,108681.952939771,220.712226666667,4.62193333333333,3,yellowish,M
10844.8916666667,99620.5044260167,266.649869291667,4.05738333333333,4,Red,B
10583.575,116500.911620979,260.385322541667,5.79354166666667,5,yellow-white,B
10749.875,113593.481661567,203.311493916667,4.59366666666667,5,Red,M
11067.6458333333,110420.155998575,195.16368725,4.21210833333333,4,Blue,O
10131.425,119054.919930342,249.654770583333,4.37972083333333,5,Blue,B
10787.1666666667,102737.310688121,212.820822333333,4.01171666666667,5,Blue white ,B
10969.0625,107549.901513113,204.253002333333,5.06295833333333,4,Blue,A
10305.2958333333,101028.819947267,242.309270625,3.83774583333333,1,Red,O
9897.71666666667,90840.6816723,168.092899833333,2.896925,5,yellow-white,F
11390.3041666667,132617.042210663,257.775259083333,3.80050833333333,0,yellow-white,O
10194.4125,108376.950903562,224.065551208333,3.85499166666667,3,Red,B
10704.5458333333,104625.803333221,248.618767625,3.83055416666667,2,Red,O
10576.8708333333,120126.309367617,172.589303708333,4.64574583333333,0,Blue,M
12142.5708333333,99415.1858360667,239.835450791667,3.94163333333333,5,Red,M
11215.2208333333,110182.905499725,237.416113291667,4.9205,0,Red,M
9516.625,98203.3207216458,196.004202125,4.2216375,1,Blue,O
10663.1916666667,102573.818375379,204.264861625,3.95249166666667,0,Whitish,M
11182.8625,114982.998902987,178.882393458333,4.87681666666667,4,Blue,B
9742.075,110364.043976021,262.648617041667,4.77854166666667,4,Red,O
10421.3041666667,101388.194918183,215.063679625,4.49604583333333,3,Blue,M
9961.39583333333,92524.8046859875,271.259271375,3.3207625,5,Blue,M
11241,99142.2573465958,217.665420041667,4.4241625,5,Red,F
11214.1416666667,108139.357861262,265.508722625,4.89447916666667,3,Red,A
11786.0875,105857.759062346,205.106838458333,4.88328333333333,5,Blue White,O
10163.6208333333,109723.308692258,196.337119875,5.00845416666667,5,Blue,B
10874.975,105315.806232867,270.942361166667,4.2934875,3,Blue White,M
9717.44583333333,130334.145594338,157.663852666667,4.5261,5,Red,A
9723.12916666667,109734.373682092,255.758559916667,3.78593333333333,4,White-Yellow,B
10801.0166666667,124817.49964165,192.756241916667,3.79550416666667,3,Blue,M
10909.9833333333,88488.1726017375,300.298857625,3.46165833333333,4,Red,B
10972.2125,104916.497910825,210.196109208333,4.19015416666667,2,Red,M
10934.1541666667,81852.6108136125,299.577953,5.23450833333333,1,Red,B
10435.6083333333,133067.796550113,249.133683166667,3.81217083333333,4,Blue white,M
10668.5958333333,100726.426383567,290.162075125,5.0989,2,Red,M
10226.8291666667,82793.4612726042,262.561148,4.46050833333333,5,Red,A
11044.0375,110105.745838529,271.187771958333,3.8692,3,yellowish,M
11232.65,96210.1095286917,214.245696458333,4.70882083333333,0,Blue-white,O
11458.875,98464.7381108792,221.078506416667,4.461575,3,Blue White,M
9418.3125,111702.566638042,239.664865166667,4.52904166666667,5,Red,M
10887.0333333333,101646.711955242,279.145974041667,2.89772916666667,2,Red,F
10677.1666666667,102034.1088985,309.45747875,4.88949583333333,1,Red,F
9857.36666666667,116230.378584671,237.067684833333,3.75905833333333,3,Blue,M
10022.4625,97486.61522935,258.771951708333,3.63988333333333,2,Blue white,B
10951.7291666667,106465.211949562,218.368675,5.58765833333333,3,Red,M
9865.80416666667,106657.772891854,229.684597291667,5.98879166666667,1,Red,M
10479.625,90219.5930101875,238.258938333333,4.00695416666667,3,yellow-white,B
10484.0041666667,144226.264804671,287.499880541667,3.270325,4,Whitish,B
10599.1291666667,101950.760883958,190.667410916667,4.378425,0,White,O
9821.74583333333,89932.5050069917,251.102999041667,5.1328125,5,Red,B
11407.2791666667,100497.077240308,185.362208791667,4.23175833333333,0,Red,F
10497.1875,110626.740451242,216.125195833333,3.97653333333333,2,Red,O
9716.1625,101422.731942233,227.106832375,3.94544583333333,1,Red,M
10564.9291666667,103156.409612987,240.097632666667,4.12987916666667,1,Red,M
9485.5875,113416.457491442,256.911340708333,4.00800416666667,0,Red,O
11034.3,103825.595775346,245.47195625,5.44329166666667,0,Red,K
10277.375,118403.087666362,199.606440458333,5.01073333333333,3,Blue,K
10148.2333333333,103823.804307308,212.579765666667,4.62765,2,Red,M
10908.5958333333,112214.653479179,305.341580375,3.76825833333333,4,Red,O
10643.55,94111.1701178292,232.846250416667,5.13715416666667,5,Red,M
11521.3666666667,98193.9025387208,177.503189416667,4.31887083333333,1,Blue White,K
10794.0666666667,119041.350534058,232.568191583333,2.352675,0,Red,M
10392.7625,98347.1727566458,214.196846625,5.034325,5,Red,O
10506.3333333333,97355.2547140917,274.223232916667,4.04648333333333,5,Red,M
10807.8291666667,104746.374436413,224.30264325,4.77685,2,yellowish,M
10526.65,130191.257232867,226.0389275,4.99209166666667,2,Blue-white,B
10356.225,95011.1361526292,178.909614375,5.51200833333333,2,Blue,O
10886.1333333333,111431.728500808,231.470270791667,5.57041666666667,5,Red,O
10531.9291666667,115405.574060513,228.994249958333,4.00150416666667,4,Red,O
9776.44166666667,107459.500597179,195.117681041667,4.1025375,1,Blue,O
10286.0375,100857.18218785,214.03122425,3.76919583333333,2,Red,M
10928.775,122876.406510971,174.325728208333,4.47681666666667,4,Blue,M
10909.5125,107367.694976263,223.874357041667,3.86149583333333,0,Blue,O
10616.5125,106127.151733071,180.368286583333,5.50105416666667,5,Red,B
9954.79166666667,106837.434059392,208.666161541667,5.5245375,3,Orange,B
9651.7125,115827.722798404,256.13317475,3.89467083333333,4,Blue,M
10481.8416666667,106400.162090933,269.540984583333,5.00803333333333,4,Red,F
11107.2125,125893.326877508,176.870887458333,4.50245416666667,5,Blue,A
10473.6833333333,99576.9900487417,211.307027291667,4.55627916666667,2,Red,M
10527.3083333333,99846.2322989417,221.999510083333,4.42752916666667,4,Yellowish,M
10319.7916666667,86967.86736575,253.234954833333,4.72795,2,Red,M
11003.1208333333,106873.159442354,193.097853708333,4.1599625,3,Blue,M
10848.2458333333,97445.6525467417,188.836868125,4.28807916666667,2,Red,M
10829.6458333333,112754.018525754,271.531145875,5.58539583333333,2,Red,M
10654.575,121405.750539829,271.641273291667,4.15847916666667,3,Blue-white,O
9981.03333333333,124955.62963315,220.356322916667,5.00779166666667,3,Blue,M
10476.2208333333,108965.9032088,268.43594,2.96872916666667,0,Red,B
10224.5333333333,133745.607527079,246.180305916667,4.2625625,2,Yellowish White,M
11160.0791666667,102696.044276579,231.079810166667,4.02914583333333,2,Red,M
11010.6416666667,99405.0188964,215.213252666667,4.14467083333333,2,Red,B
10432.3041666667,129579.240932288,283.864398208333,3.8189,0,Red,M
10156.9875,100488.483456933,209.001939541667,4.09275833333333,1,White,M
10147.9208333333,103305.268097512,222.355399,4.44730833333333,1,Red,M
10542.925,114230.013772333,287.008012083333,3.7061375,1,Blue,B
11173.3291666667,118919.38811485,269.417934125,5.17975833333333,1,Blue,K
10120.1666666667,127433.147862171,264.474439791667,3.06535833333333,1,Blue,M
9788.14583333333,99415.7947702208,260.558807416667,5.1222125,3,Red,O
10500.9583333333,105481.972149371,235.362742125,2.671225,3,Blue White,B
10943.9333333333,114591.336375375,243.68103275,4.19855,5,Blue White,M
10397.8875,118261.396245387,235.003045166667,3.87393333333333,2,Blue,B
9934.5875,104803.915756737,179.73546875,4.60824166666667,5,Blue-white,B
10428.675,113178.610938854,266.789774708333,3.89879166666667,3,Red,O
10473.65,98722.3687832875,214.164196208333,4.30297916666667,4,Blue,M
10720.5958333333,103411.631875854,205.109950416667,4.20545,3,Red,M
10382.3041666667,113922.143755979,323.554662541667,5.2553625,5,Blue-white,G
10910.0208333333,122975.331517908,228.965662833333,2.9000125,2,Blue,M
10085.1333333333,93469.8340865625,215.085897375,3.55324583333333,4,Red,B
9987.29166666667,109403.480025333,260.294705375,5.85698333333333,2,Red,M
10152.8166666667,91318.3230326375,210.600288375,4.28103333333333,5,Blue,M
11463.1375,120068.135676575,261.556263291667,4.46699583333333,3,yellowish,M
11477.725,112388.360783071,265.381649791667,4.9634,0,Red,M
10060.4958333333,107730.670344308,291.577330375,3.74395416666667,5,Blue-white,F
10030.925,113566.166801563,163.57025275,4.54127916666667,1,Red,M
10656.525,97040.8351152667,254.917799416667,5.6323875,2,Red,M
10652.2458333333,91114.60217195,230.864941708333,4.11366666666667,1,Blue White,A
10602.0583333333,101712.562038567,243.731615,5.1048625,1,Red,M
12068.3458333333,95579.0201332,259.749010916667,4.05604166666667,1,Blue,B
10262.7416666667,108646.949900971,201.114480291667,4.09157083333333,2,Blue,M
10232.0666666667,112213.382526671,283.570025541667,4.4322125,2,Blue-white,O
9786.38333333333,109131.816079317,284.099331708333,5.2975875,1,Blue,B
10054.9333333333,108555.7562188,244.555374083333,4.04136666666667,2,Blue,O
9189.16666666667,101166.824384279,197.4271475,4.98725833333333,1,Red,B
10472.5,109578.382704283,242.528688208333,5.28022083333333,1,Red,O
11568.9708333333,115780.011826762,230.610547875,5.3442875,4,Red,F
10032.3333333333,120331.141007296,285.60577675,3.25344583333333,2,Red,B
10437.2291666667,109361.266905346,217.646592833333,4.333575,4,Red,F
10829.2916666667,101092.971159612,216.98323075,4.23884583333333,0,Red,O
10222.575,106553.35013995,170.601923375,5.3886,0,Red,M
9957.27916666667,104806.346067754,193.904698375,5.12707083333333,5,yellow-white,B
10719.3875,109053.173005917,200.000403833333,4.08788333333333,2,Blue,M
11283.1708333333,99931.6726275167,252.017739041667,4.41699166666667,0,Blue,O
10996.7666666667,97479.1797746333,247.208932041667,4.617525,3,Red,O
10515.4375,122077.315051183,247.991568791667,3.57720833333333,0,Red,M
10623.8291666667,80310.4506737292,193.586416791667,4.68895833333333,1,Red,A
10691.2333333333,100412.892335154,243.188597875,3.99425416666667,4,White,F
10892.8416666667,115421.728794242,222.046880041667,4.37625416666667,4,white,B
9190.35,109176.223480363,229.367269,4.47105,0,Blue,M
8878.15833333333,98337.3833182625,217.825114416667,3.8773875,4,Blue,M
9542.39583333333,100294.323448387,250.529360083333,5.15222083333333,1,Blue,B
10025.6166666667,111332.630512842,277.290007166667,4.20489583333333,1,yellow-white,K
9368.17916666667,114037.563805062,266.402666125,4.2314125,1,Blue,A
11829.8916666667,103888.095775512,240.723888166667,2.76730833333333,4,Blue,K
9720.69583333333,93773.1401170667,228.804013791667,3.69318333333333,0,Blue,B
11079.5416666667,115107.813922167,219.413632916667,3.98865416666667,5,Blue,M
11684.5708333333,116167.718929158,265.253569333333,3.94382083333333,5,Red,M
10408.6875,88028.0116123208,193.441912291667,3.63746666666667,5,Blue White,B
10770.8291666667,99160.400794325,192.2877155,4.63318333333333,4,Red,M
10017.3,89495.4702159292,261.365450125,3.55524583333333,4,Blue White,A
10417.2875,114086.1024135,273.933963125,4.05928333333333,4,white,F
11343.4208333333,103317.62386335,259.095991166667,4.30615833333333,0,Blue-white,O
11147.175,108578.185683879,240.524055166667,3.68844583333333,0,Red,M
11343.125,95101.0204260375,234.021539541667,4.51099166666667,3,Red,B
10788.925,131770.945107633,262.996533041667,4.01922916666667,4,Red,M
10057.9541666667,129477.785224454,250.199623166667,3.31440416666667,3,Red,F
9912.725,116430.155999521,208.230483125,4.83012916666667,3,yellow-white,M
11987.4791666667,125046.833162729,199.552601,5.043075,2,yellow-white,A
11003.4666666667,110559.47208375,272.644995291667,4.51642083333333,0,Blue-white,B
10512.3083333333,106037.932367975,205.840586166667,4.28355833333333,5,Red,O
9549.7125,85231.2866236167,263.06359775,4.05136666666667,4,Blue-white,M
10430.1583333333,93130.6209212583,248.4358065,4.24999166666667,1,Blue,M
11034.7541666667,115091.877488879,176.329419875,5.17302083333333,1,Blue,B
9335.60416666667,103523.706215413,263.463704708333,5.58471666666667,2,Red,M
9695.72916666667,119538.168414825,253.97526575,4.80892083333333,0,Yellowish,B
10218.6125,102890.291201521,222.437284708333,4.26749583333333,5,Blue-white,A
11360.975,101181.847513742,259.913852208333,4.21181666666667,4,Blue,M
9841.625,112866.339711929,274.764961125,4.89070833333333,1,Blue,F
11400.8,106857.910673183,265.805415541667,5.24727083333333,1,Blue,M
10285.4041666667,114376.721376404,233.107167916667,3.98889166666667,3,Red,O
9656.77916666667,114846.011830483,263.263166208333,4.230825,4,Red,B
9413.50416666667,112621.897598375,180.149230541667,5.18324583333333,4,Blue,K
10892.6083333333,75869.8770246417,238.107304708333,4.46951666666667,0,Blue-white,B
10212.5708333333,108381.625600167,264.337865291667,4.56676666666667,1,Blue,M
10058.1416666667,106597.299211088,204.133544083333,5.20218333333333,2,Blue-white,M
10239.8125,96060.481253425,261.763881541667,4.16184166666667,0,Blue,F
10142.6666666667,109960.774205158,199.770849291667,4.22057916666667,1,White,M
11316.025,93233.1943634792,259.606732666667,4.16389583333333,5,Blue,M
10480.7125,110210.173326554,299.768257791667,3.91309166666667,3,yellowish,M
10894.75,116504.626082292,231.172420625,4.4582875,1,Blue,M
10085.8125,109509.120530513,174.153996375,3.38300416666667,0,Red,O
9121.06666666667,108870.553483154,214.707867208333,5.3968875,1,Blue,M
11605.5375,83494.2072737333,226.914622583333,5.27995,2,Blue,O
10545.2916666667,106421.603764463,235.296607041667,4.5066375,5,Red,B
10954.3916666667,80915.5991708667,222.954042458333,4.89075,3,Red,O
11037.2291666667,106196.491553513,270.0953725,3.6146,5,Red,M
9825.47083333333,104657.806151542,232.724741541667,5.2043625,4,Orange,M
10942.2458333333,100633.7912273,316.309603166667,2.6030375,4,Red,A
10409.6666666667,108872.965148375,237.612549208333,4.19839166666667,2,Red,M
10231.0083333333,111521.747013229,224.14436975,4.07327916666667,4,Red,F
10571.3791666667,105626.897281329,236.570266083333,5.71539166666667,5,Red,M
9785.42916666667,89725.2822084708,218.749970833333,5.81433333333333,4,Blue,M
11355.3791666667,103250.778111208,250.860574875,5.32827083333333,3,Blue,O
10312.2833333333,102459.038118504,233.327409166667,4.47995,1,Blue,M
10772.3208333333,90261.523451225,285.676790041667,4.619425,1,yellowish,M
9601.7875,112286.393086233,265.410755208333,4.9238,0,Red,O
10438.5,101592.902139,219.693983875,4.09150833333333,1,Red,K
9941.79166666667,115037.1837164,203.709123833333,4.70285416666667,5,Red,F
10428.7625,115911.847218888,202.483916958333,4.7630125,4,white,O
9826.5375,106416.924588804,282.588189791667,3.88354583333333,1,Red,A
10824.3958333333,101942.627092779,225.256302833333,3.988575,0,Blue-white,M
10036.6625,106092.486384629,281.874724833333,4.14659583333333,3,Red,M
11047.3833333333,111001.9020146,175.080354833333,4.50042916666667,4,Red,M
10520.4833333333,99654.6582394875,258.303609041667,4.74909583333333,2,Red,M
10811.6625,111137.969174179,261.360142708333,4.83112083333333,4,Red,M
10563.4166666667,97499.0193716667,239.323798458333,4.4487,4,Red,O
10198.1083333333,100471.915513717,277.061061083333,4.58209166666667,5,Blue,M
11340.3708333333,123451.135947671,198.781347791667,4.693525,1,Blue,K
11341.9625,110665.960290217,223.519283333333,4.13408333333333,1,Red,B
10453.5625,99539.8297641667,212.150714291667,4.86262916666667,3,Red,B
10943.8625,98902.4857667333,188.398845875,3.50784166666667,1,Blue,A
10276.85,107065.166430062,225.952489833333,5.2866875,3,Red,M
9922.5875,100285.860172567,258.491639875,4.11789583333333,5,Red,M
10656.6958333333,112387.67397855,190.438973625,4.76524583333333,4,Red,M
11654.9833333333,105662.712730788,279.896481833333,5.368525,5,Yellowish,M
10931.9666666667,104473.724067679,180.662192125,4.49857083333333,0,Red,M
10080.2125,81542.0096171,269.338997,4.7875,3,Blue,O
9462.2375,127954.092312221,260.417963916667,5.077,2,Red,A
10573.95,106981.159883063,265.021771666667,3.97884166666667,4,Red,A
10499.0708333333,111963.765262571,227.939330833333,2.66039583333333,0,Red,M
10317.8333333333,101399.897878017,299.390228375,4.44246666666667,0,Blue-white,B
9822.21666666667,109777.729764096,264.933766625,4.75189583333333,0,Blue,O
10990.25,102563.782894421,205.282324291667,4.666825,0,Blue-white,M
10174.8333333333,130047.965117396,205.519065375,4.24294166666667,1,Blue,A
9551.94583333333,101414.564523633,191.605536625,3.9695375,4,Blue-white,M
10706.2916666667,75360.3266199625,244.671968958333,4.6903,0,Blue,O
10977.6583333333,105502.018018533,220.017780958333,4.43197916666667,5,Red,B
10721.6083333333,113834.08303205,247.642104083333,4.89665,3,Red,A
10660.8375,127035.872216475,242.509387625,5.52038333333333,3,Red,M
11301.9666666667,118122.601626396,210.688706333333,4.5023625,2,Blue-white,B
11013.95,113225.930775975,253.978162083333,5.56802916666667,4,Blue,M
10604.9541666667,108768.866614804,222.16056475,4.670325,4,White,M
9717.275,115908.547683671,233.455379208333,4.11358333333333,3,Red,M
10742.5916666667,115867.496889683,253.747310208333,4.898225,3,Red,M
10857.6666666667,96911.4812437542,199.617815791667,5.70406666666667,5,Blue white ,M
10353.3041666667,114442.010573525,233.979268875,3.79948333333333,5,Red,M
9379.65416666667,114700.109614983,294.621497125,4.1572125,3,Red,M
11532.1125,101897.229483438,273.109395,3.44974166666667,0,Blue White,A
11145.8083333333,74058.9285448833,230.391933208333,2.83735,3,Red,M
10833.4333333333,117091.971321546,285.079294,3.27314583333333,5,Blue-white,B
10148.6041666667,106941.002108129,240.025771125,5.64695416666667,1,Blue,M
10029.15,103829.898682208,273.705115875,3.21269583333333,2,Red,M
10193.5291666667,96274.5822500083,194.531220291667,4.9058625,0,Red,M
10769.0416666667,125929.528266771,237.094011375,3.71759166666667,5,Red,B
10265.2541666667,106559.613861942,297.360042583333,4.90006666666667,1,Red,O
9721.47916666667,105758.594235858,221.169858041667,4.72379583333333,3,yellow-white,B
11091.7041666667,122987.544445921,181.3737035,4.41538333333333,3,Red,M
10824.7833333333,110958.762999408,221.80647125,3.40738333333333,3,White-Yellow,A
10326.2833333333,108689.694150821,225.014937083333,3.97973333333333,5,Red,M
10815.25,104702.218037688,247.652932625,3.42485416666667,5,Blue-white,A
9761.975,115568.444256721,232.273751125,3.24878333333333,2,Blue,O
10541.1291666667,107450.348567475,250.491378916667,2.57534166666667,5,yellow-white,M
10660.1291666667,98805.5876843083,223.126498958333,4.07120833333333,1,Blue,M
12207.5833333333,92274.1723092667,233.676178125,4.1026,3,Blue,F
9447.15416666667,110481.469407983,279.521093083333,4.02350833333333,2,White,M
11720.1083333333,100794.209492175,218.661279458333,3.396175,3,Blue-White,M
9932.16666666667,115249.695406842,261.930789625,4.19969583333333,4,yellow-white,K
10515.4166666667,116566.491735217,265.157869083333,3.1832125,4,Red,B
10186.2291666667,102019.977075908,235.033771541667,4.9667875,1,Blue,A
10020.525,96067.0633193542,229.360465291667,4.21865833333333,1,yellow-white,M
11381.1375,103831.433447887,186.58092625,4.00837083333333,5,Blue,M
10094.2208333333,121770.019794496,259.910653541667,4.34650833333333,3,Red,B
9433.76666666667,80571.6893449125,176.474148958333,4.23625416666667,4,Red,M
11799.7791666667,108550.644461554,159.8221685,4.13500833333333,5,Blue,B
10251.2708333333,116200.839745054,283.211599791667,5.40410416666667,3,Red,K
10849.1708333333,126226.784807329,267.518260958333,4.36994166666667,3,Red,B
10085.5083333333,89007.7011827917,250.514309375,4.78195416666667,0,Blue,M
10639.15,106695.305474471,232.003607875,3.92806666666667,0,Blue,K
10821.1666666667,109940.6010212,238.091809625,2.89260833333333,2,Blue,M
10708.7625,84121.3065791958,223.325796625,4.2405375,0,Red,B
10534.4333333333,110518.871915346,172.787856,4.84548333333333,3,Blue-white,O
10593.7041666667,99942.0638788375,236.643226833333,5.299625,1,Red,F
10457.0458333333,113543.365666008,295.431025583333,4.6103125,1,Blue,M
10496.9416666667,105055.016433538,211.133365333333,5.656175,5,Red,O
9538.575,120979.511889563,218.924975875,3.63855,1,Orange,O
10238.3291666667,108147.808591779,245.4565085,4.22119583333333,4,Red,B
9981.07916666667,112977.836362725,226.178068041667,3.4592,1,Blue White,M
9395.51666666667,124755.847011404,241.227457666667,5.1347,1,Blue-white,M
10120.6333333333,106469.888618508,253.938570666667,5.45607083333333,1,Blue,M
10346.1791666667,99993.672312425,195.026673416667,3.96092083333333,2,Blue-white,F
10247.5,101164.834568379,254.857722916667,3.34779583333333,0,Red,B
10209.8708333333,92787.6104507542,214.414416708333,3.6559625,1,Red,A
11582.7583333333,106683.459101917,218.432336166667,4.492425,2,Blue-white,B
10993.875,114093.548543588,255.462759333333,5.2084125,0,Blue,O
10149.0875,109363.22308325,192.94520225,5.17405833333333,3,Red,M
10159.6958333333,108638.477463529,238.809970416667,4.61204166666667,4,White,M
10826.85,103515.020753017,227.999224916667,4.7218375,3,Red,O
11529.4291666667,108751.566385221,237.69011375,4.14076666666667,1,Blue-white,A
9660.55416666667,121668.522248308,188.722772791667,5.68374583333333,3,Red,G
10209.0875,105388.194738883,206.656036958333,3.410775,2,White,M
10424.0916666667,111235.576925458,311.814188166667,4.175575,1,White,K
10933.2708333333,106353.518277204,298.76039,4.33311666666667,5,Blue-white,O
10359.625,111201.840699246,268.411051083333,4.75473333333333,1,Blue,A
9897.30416666667,99715.4080432667,227.212039708333,2.88240416666667,4,Red,B
11107.5416666667,101279.634845654,291.088177125,4.66863333333333,3,Red,M
10037.7666666667,100108.990061783,215.226564916667,4.32261666666667,1,Orange,K
10260.2833333333,104805.928562912,229.923078625,4.97539166666667,1,Red,M
11575.0708333333,106980.225073192,213.501322958333,5.34955,2,yellowish,O
10462.6,103080.227896279,218.510343458333,4.30429166666667,4,Blue white,O
10499.4583333333,128386.32748495,238.483356541667,3.53650833333333,3,Red,M
10524.9041666667,102061.741497308,271.981066541667,3.50959166666667,5,Blue,M
10674.8875,95245.0398193667,259.551341458333,3.67611666666667,5,Red,O
9592.50416666667,90778.6711998625,197.669661375,4.27924166666667,3,Red,O
10825.7666666667,95729.7455812625,192.487238416667,3.764725,5,Blue,M
10896.3875,113458.733626308,235.392771083333,3.478025,0,Blue,B
11448.1125,118391.271783508,227.2291835,4.65663333333333,0,Red,B
10934.975,103341.545848229,298.475764125,4.2617375,4,Blue-white,M
10294.375,87288.7048908042,244.728392416667,3.20501666666667,1,White,B
9938.76666666667,101064.408588608,210.469929708333,4.14165833333333,0,Blue,O
10692.5791666667,81947.0284205375,224.907477916667,4.50889583333333,3,Red,M
10644.0416666667,108405.865379117,256.933871708333,2.86906666666667,1,Red,M
10313.8833333333,107548.045481542,230.615282875,3.98473333333333,0,Red,M
9357.7375,97171.9918983583,196.545178666667,4.36276666666667,2,Blue,O
10140.2833333333,102074.039652767,286.534707333333,4.92297083333333,5,Red,M
10617.4791666667,100509.575981463,221.413481958333,4.40475833333333,4,Blue,M
11442.9291666667,89309.0495354167,239.447035625,2.96274583333333,1,Blue,B
9507.275,127394.367013396,245.490727083333,3.83516666666667,2,Red,M
10430.9833333333,97307.4213484,267.268559416667,4.7185375,0,Blue,M
10722.2208333333,115858.785084687,258.712333833333,3.80878333333333,4,Red,M
10674.4916666667,99029.752675,199.429093666667,4.78236666666667,1,Blue White,M
12124.6916666667,108201.081457842,314.000350333333,3.217275,2,Red,F
10305.95,98187.7524285208,263.641960041667,4.555125,4,Red,A
10332.6666666667,96998.1883922958,210.311579458333,3.96365,1,Blue,M
10113.5583333333,110818.970815717,201.739022916667,5.21050833333333,3,Red,B
10437.1916666667,92177.4096384667,245.014105041667,3.26306666666667,1,Red,O
11826.4041666667,85007.3499089,249.564600166667,4.0656625,4,Blue-white,F
10574.95,110388.0446155,252.348911291667,4.7131,1,Blue-white,M
11583.3333333333,85137.7092807792,237.493541583333,4.80490833333333,0,Blue-white,O
9740.59166666667,115261.592399646,295.507333333333,4.13562083333333,2,Red,K
10379.4333333333,125604.074971658,261.025472541667,3.76547916666667,0,Whitish,M
11571.725,100577.036535083,239.619297291667,5.68995416666667,0,Blue White,F
10625.8208333333,100757.176581096,246.747459541667,4.73115833333333,1,Red,O
10434.6416666667,113739.780754137,179.679503958333,3.5291125,4,Blue,B
9390.725,106050.826388438,278.799315541667,4.44174166666667,3,Orange,M
10578.8666666667,85912.3326250333,210.425337625,5.58279166666667,3,Red,F
9850.4875,98344.1510136583,272.600243541667,5.17889166666667,4,Red,A
11220.3958333333,109272.166174913,275.37127575,2.82995,4,Blue-white,M
11179.1333333333,88656.6179909458,250.212031958333,3.99639166666667,0,White,M
11495.1833333333,122150.8284348,215.753916291667,3.5487625,4,Blue-white,F
10956.275,110474.177175088,267.040066708333,5.23214583333333,3,Red,A
9818.70416666667,134542.900100275,218.257683625,4.127,5,Red,F
10022.2583333333,101726.3013402,258.594392875,5.16699583333333,3,Red,M
10534.8958333333,125248.876676258,251.493270666667,4.947325,4,Blue White,O
10585.5333333333,114623.243445154,297.076161541667,4.09401666666667,1,Blue,M
10282.9875,106191.928768588,242.900248333333,4.4276875,1,Blue,M
10628.3458333333,125080.042494075,222.495799708333,4.7135125,0,Red,M
10003.7375,106478.834983758,202.113652625,3.470425,3,Red,M
11302.6,91453.3196534042,287.584411625,5.01993333333333,4,Red,O
9994.68333333333,100921.149141937,192.034400708333,3.45614166666667,0,White,B
11458.4666666667,103844.340629325,207.123838666667,3.482975,4,Red,F
10779.8291666667,112231.702553763,251.375559166667,3.88664583333333,0,White-Yellow,A
9924.65,108988.4616662,213.674637041667,3.29025833333333,1,Blue,O
10986.5416666667,99662.1441908208,275.280298541667,4.69330833333333,0,Red,O
11039.2333333333,102775.478122167,321.905396458333,4.54487083333333,3,Blue,K
11151.2083333333,118732.134883425,232.759911291667,4.66500833333333,4,Red,A
11303.0708333333,106099.195752604,191.781771208333,4.71625416666667,4,Red,M
10510.6916666667,101441.786092104,204.808804875,4.25005833333333,3,Red,O
10502.5583333333,101223.939031263,224.059284916667,4.94860833333333,0,Blue,M
9709.62083333333,101745.376561187,266.379137083333,4.2626375,5,Red,A
12333.8541666667,100386.609616967,199.848178458333,4.40026666666667,5,Blue,O
10679.3916666667,128187.771450117,208.986600416667,3.74348333333333,3,Red,F
11141.0833333333,99245.9857921292,194.172559583333,4.09363333333333,4,Red,B
11284.4875,95452.529837575,227.817150916667,3.46591666666667,3,Blue,K
10744.2,114655.722549208,238.710617375,3.79182916666667,2,Blue,M
10157.5958333333,117818.790484037,236.19537025,3.81785,2,White,B
10533.4208333333,97377.5360893625,197.625801916667,3.81433333333333,4,Red,M
11693.275,103673.675763742,231.670456541667,3.45177083333333,4,White,M
9128.65416666667,115354.059668242,220.992991958333,4.89932916666667,0,Red,B
10654.25,96165.6640203875,241.712784,4.5861625,0,Blue,M
10491.5166666667,100186.558907379,210.693983416667,5.4191875,2,Blue-white,B
10242.3875,108655.741227579,206.534507958333,4.66867083333333,4,Blue-white,M
9523.15416666667,99997.1317577125,247.118311833333,5.3526625,2,Red,M
10672.6125,132511.482546233,230.957759791667,5.6402625,4,Blue-white,M
10729.9791666667,117097.108665237,241.228990333333,4.70137916666667,3,Red,M
10765.1125,100557.879328183,257.157374458333,5.01197083333333,3,Red,M
11218.9875,127211.902275133,197.314925375,3.20475833333333,3,Blue-white,B
11271.6791666667,112324.866517704,240.5868905,4.05180416666667,5,Red,B
11144.6166666667,98609.34683705,214.75035,5.0864,4,Whitish,O
11516.6875,88262.5211490417,272.730530083333,4.71516666666667,2,Blue,M
10542.9166666667,103215.970533025,236.358324875,4.83628333333333,1,Red,M
10988.5791666667,105895.265942808,208.76788025,5.17673333333333,3,Red,M
10099.9708333333,91089.0847828833,326.858281416667,4.7126875,0,Red,M
10195.7333333333,128286.553523583,200.1713195,4.71497083333333,4,Blue White,M
9161.20416666667,116751.689501204,231.10597375,3.85367083333333,0,Red,B
10517.65,92458.9112482958,228.228264625,4.17893333333333,4,Red,F
10742.9458333333,106324.524631779,217.60970925,3.83650416666667,1,Red,M
11235.9458333333,109938.216149346,225.965454125,3.82744583333333,3,Blue,M
9760.3875,123828.754172796,221.149840208333,4.742475,4,Blue-white,F
10523.5166666667,103243.955707392,305.115417458333,5.37322083333333,4,Blue-white,M
10127.6,102194.587038913,232.618651208333,5.23149583333333,2,Blue,M
10783.6416666667,109375.290052975,232.059133,4.43820416666667,2,Red,B
10619.5875,104519.544645229,228.445896333333,4.94159166666667,1,yellow-white,B
10391.8166666667,115815.123972075,239.942909333333,3.3246125,2,Red,O
12110.5541666667,104133.776702367,231.319975375,4.08622083333333,4,Blue-white,O
10080.0458333333,100593.143507163,263.975657625,3.56019583333333,3,Red,M
11405.2625,118634.932516442,185.739256125,5.30211666666667,1,Blue-white,K
11247.8,107198.397015454,297.923334583333,4.5994125,2,Blue,M
10560.5833333333,110772.468047254,244.663582583333,4.11729583333333,5,Red,B
11602.1458333333,92281.544887925,266.718930125,4.79585416666667,0,Red,M
11550.4583333333,115147.66228425,294.68714425,4.3626125,0,Pale yellow orange,M
10255.9583333333,86184.6089876875,241.305012458333,4.17119166666667,5,Red,B
10759.4166666667,115348.987998008,268.4326275,4.87904583333333,4,Blue-white,M
11713.8375,126158.421059167,252.776022958333,3.4902875,2,White,B
9904.69583333333,120408.473798687,246.553271666667,4.3033,3,Red,F
9905.42083333333,111211.477481542,219.366267708333,4.9163625,5,Red,A
11142.6708333333,118286.8132516,221.75340325,3.83299583333333,4,Blue,M
11248.2291666667,110872.448066792,266.247211583333,4.42532916666667,3,Red,M
11066.8333333333,126503.778419046,225.754435125,4.90322083333333,4,Red,M
9845.80416666667,101697.005073033,228.028148666667,4.75135833333333,2,Red,M
9742.5125,124693.676604921,275.558242166667,4.97230833333333,2,Red,M
9729.675,103311.312022563,264.165532416667,4.55214166666667,0,Blue,M
9585.12083333333,107111.143993296,313.208062083333,3.68042916666667,4,Red,M
10864.6333333333,95195.257194175,197.216274625,2.96494166666667,3,Blue,M
10332.95,100550.548770017,210.077003166667,5.2196125,1,Blue,M
10119.8875,96085.3343574083,185.883765666667,4.50306666666667,1,Blue,B
10500.6833333333,105383.008475179,203.818360166667,3.8500625,0,Red,B
10355.2541666667,104401.071130846,264.1151175,5.92263333333333,1,Red,M
9437.91666666667,96620.7217868625,299.580597166667,5.11964166666667,0,Red,F
11023.0083333333,113371.27713325,219.513569958333,4.55079583333333,3,Red,B
11524.4583333333,142491.244609746,299.466638041667,4.56565,5,Orange,M
11262.6541666667,102679.475406208,264.637205125,4.38174166666667,0,Red,B
11145.3166666667,112888.030932617,261.268113958333,4.09211666666667,1,Red,O
10791.7375,119462.117911775,242.955529833333,4.56090416666667,2,Blue,A
11100.4458333333,97751.9362409,245.462003708333,5.1406125,5,Blue-white,M
10968.0416666667,109805.056539192,271.251390875,4.5619375,3,Red,B
10393.9166666667,109899.65412255,264.00349425,3.65200833333333,3,Blue,B
10098.5208333333,109499.838733271,237.075554416667,4.65860416666667,1,Blue,M
10824.6458333333,98896.47201415,253.938651166667,4.20717916666667,0,Red,F
9531.1625,92868.3009948208,227.657125625,4.96416666666667,2,Blue,M
9976.68333333333,92616.2421410583,318.800815,4.54819166666667,3,Red,B
10194.55,106638.882184542,263.07302375,3.90010416666667,3,Red,K
10408.5333333333,115327.310266088,280.64598225,4.50469166666667,5,Red,M
10248.3166666667,107937.697998321,171.704185958333,3.4958375,2,Blue,F
10046.1,107368.199983521,234.601362583333,4.29206666666667,3,Red,M
10248.5458333333,109897.051758692,254.163766416667,5.0128875,4,Blue White,F
11785.9916666667,119851.902507271,240.643252375,4.3384875,3,Blue,M
10242.6541666667,101333.859614621,224.760923083333,3.88480416666667,3,Blue,B
10241.4958333333,110537.846245667,245.459963458333,4.31945833333333,2,Yellowish White,M
9466.47083333333,90104.0412606,171.726051833333,4.2397125,5,Red,B
10201.2416666667,90787.4032774375,237.141853833333,3.0905625,3,Red,M
10805.7916666667,105328.354208383,204.299269958333,4.09545833333333,0,Blue,B
10059.15,111484.501103,248.210953458333,4.22141666666667,2,Red,M
10410.1583333333,123432.7181373,232.066639333333,2.89924583333333,1,Blue White,A
9945.64166666667,122785.298811579,203.831201833333,4.77145416666667,4,Blue,M
10411.9166666667,108712.740596571,245.485030791667,6.07184583333333,3,Red,M
10990.1125,99064.1747772,164.559792958333,4.09231666666667,5,yellow-white,A
11476.55,133947.887569725,295.244165291667,5.59250416666667,4,white,M
10135.5916666667,102485.052277508,208.139008833333,4.06657083333333,2,Orange,A
10185.2083333333,90595.428442875,264.2237005,4.664425,1,yellow-white,B
10384.3333333333,111293.793378371,275.124808375,4.9551,5,Blue White,M
12162.2875,128979.342471888,223.828463875,4.44485833333333,1,yellow-white,M
10137.9833333333,120297.186904604,324.504207333333,4.43984166666667,1,White,O
9516.32083333333,115998.350119958,260.280528541667,3.39474166666667,5,Red,M
9950.4,100917.523330875,184.15988425,3.226675,3,Red,A
9547.5625,112082.63335345,210.896611541667,4.65919166666667,0,Red,B
10422.8958333333,108208.044919067,219.845474875,4.2344125,2,Blue White,O
10932.2125,101291.851514192,230.346874875,3.42455,0,Red,F
11444.5583333333,108618.727297446,203.734211291667,5.845225,5,White,F
10649.7625,120454.465059396,156.564141166667,5.0892375,3,Red,K
10792.3166666667,141944.799562746,258.676361708333,4.28184583333333,2,Red,K
9171.28333333333,103533.749795379,224.93809925,4.71253333333333,5,Red,M
11957.2791666667,95007.42125065,213.119123208333,4.11009166666667,4,Orange,O
11308.5833333333,85591.7384568833,223.703722708333,4.36924166666667,2,white,B
9584.7125,104586.249319896,249.005699333333,4.77535416666667,5,Blue,O
10933.275,103964.828299987,245.707920625,4.09890416666667,1,Blue-white,F
10284.8833333333,107042.903288283,226.18972075,4.51423333333333,2,Blue,F
9613.77916666667,106632.830482917,275.408853166667,4.67561666666667,4,Red,M
11312.4541666667,87615.739078125,200.133130208333,5.05214583333333,4,Red,M
11336.9458333333,111205.808691187,218.708239,5.6598125,2,Pale yellow orange,M
10345.1666666667,138261.744586325,304.50802925,4.63485416666667,2,Blue-white,M
10730.7916666667,102763.213649529,243.950751625,4.2899875,4,Pale yellow orange,O
11161.45,103707.971236287,274.652930083333,5.29042916666667,4,Blue-white,A
10720.275,109859.579857712,219.395170708333,4.68852916666667,3,Blue,B
11089.8875,93111.0402734875,147.391074541667,4.43134166666667,0,Red,B
9712.45833333333,113255.205295804,225.2067585,5.00615833333333,4,Blue,O
9992.7125,96021.282541025,243.129226916667,4.966275,3,yellow-white,M
10501.55,97643.8106721417,190.992607083333,4.77606666666667,1,Blue-white,O
9590.57916666667,121935.945363829,210.649546958333,4.22172916666667,2,yellow-white,F
10288.4375,108154.547500842,177.245507083333,4.487725,0,Orange-Red,M
10020.2958333333,106661.268548096,251.258338291667,4.07519583333333,0,Blue,M
10573.2791666667,105414.054871663,219.54972175,3.6369625,3,yellow-white,M
10868.7416666667,87858.0026187292,158.877386958333,3.79417083333333,1,Red,O
10810.5291666667,110100.540033563,260.071747916667,3.08509583333333,4,Blue,F
9926.32916666667,101136.332074446,272.349572125,3.85504166666667,1,Red,O
10852,106015.983121763,209.5313465,4.506525,4,Blue,M
10546.1416666667,123844.414560483,219.782579958333,4.18785833333333,0,Red,M
11055.0166666667,113324.00462275,231.948062916667,4.33999166666667,0,Red,O
9988.65,105985.104058237,203.773804333333,4.74083333333333,2,Red,M
10611.2,112670.226716592,328.609881833333,4.09445833333333,3,Blue,M
11000.7833333333,93382.6084143958,259.008300083333,4.15752083333333,0,Red,M
10770.8083333333,91850.0307619958,219.596359125,4.8244875,5,Red,B
10057.9875,99900.5606751208,198.368623083333,3.63919583333333,1,Red,O
10128.1041666667,109589.835820571,237.318573458333,4.69639166666667,2,Red,M
9620.9625,93670.8128808,267.607635583333,3.70555416666667,4,Blue-white,O
9622.65833333333,109206.386829025,254.666672625,4.14284166666667,3,Red,O
11390.4541666667,91435.9594866583,242.030529958333,4.48698333333333,2,Orange-Red,O
10451.5791666667,131249.265580204,203.003403541667,4.47805833333333,3,Blue,M
10849.8416666667,110975.100526983,261.095529666667,4.58213333333333,3,Blue,A
11074.7833333333,95288.6979015167,297.434206041667,6.00061666666667,3,Blue,M
10729.25,117565.28984555,244.728752666667,4.2181875,5,Red,M
10823.9958333333,102401.672873808,201.8587055,4.785325,3,Red,K
9447.025,113052.608678921,223.588355041667,4.32534166666667,4,Red,M
10641.9416666667,105418.832699396,230.427941541667,4.89717083333333,1,White,K
10427.0333333333,112221.079017679,201.34746,4.2342125,3,Blue,O
9870.4,110151.296809704,202.748774416667,4.65889583333333,3,Blue-white,A
11545.25,109010.747262637,253.017934291667,3.7052875,5,Blue,F
10300.9833333333,105590.416574354,271.274501041667,3.60150416666667,1,Blue,M
9668.37916666667,108878.0943984,240.023242875,4.86950833333333,3,Red,F
10207.0625,134490.18292365,197.666672208333,3.4798375,4,White,M
10377.625,111934.159179433,213.10944175,5.0540625,5,Red,O
9977.44166666667,124509.607965517,260.436056,3.14165416666667,3,Blue,M
10673.3375,103419.785859337,199.351862333333,3.591825,2,Yellowish White,M
9757.72083333333,117035.974005462,304.955788,4.92450416666667,5,Blue,O
10672.1958333333,121312.680292229,250.5051095,3.8508625,4,Red,B
10153.1291666667,112616.888139146,209.908606,3.79888333333333,2,Red,O
9877.15833333333,88962.0131648917,256.898153333333,3.22830416666667,2,Blue white,M
11946.1458333333,127976.207719717,238.741805291667,4.16617083333333,1,Blue,M
11279.025,119450.542056508,238.365783541667,4.05705,4,Red,M
11153.4291666667,103150.415896654,275.788568333333,5.45873333333333,0,Blue White,M
10214.325,102571.626743821,240.025979583333,4.3423375,3,Blue,M
11256.3333333333,97363.4480347375,204.131272375,5.0881,5,Blue,M
10734.7125,117531.52593975,221.35606,5.69168333333333,0,Blue-white,M
10444.6958333333,93385.8090177917,290.064404916667,3.8137375,5,Blue,B
11199.625,96846.7311446958,210.996257083333,3.633,2,Yellowish White,M
10856.6541666667,100033.834495392,272.388327875,5.4335625,3,Red,M
10566.6083333333,114665.201465983,282.7082955,3.81560416666667,2,Blue,M
10351.675,118374.569035642,255.766687291667,4.4854625,0,Blue,M
11627.4333333333,107966.766082133,233.289590125,5.0684125,1,Blue-white,B
10801.9708333333,93063.077303125,208.3364685,4.69561666666667,5,Red,B
11199.4416666667,104656.105252804,230.094077083333,4.72964166666667,5,Red,A
9597.55833333333,94899.7473098875,256.485266375,4.5959125,3,Red,M
10559.2041666667,108984.357220817,236.123474333333,3.92374583333333,3,Blue,M
11294.1791666667,122595.272297379,262.612116083333,4.39538333333333,5,Red,G
11356.0541666667,111418.049159354,226.217557666667,4.26909166666667,4,Red,O
10399.6416666667,90326.7500301458,184.399843458333,4.1186125,0,White,O
10782.4458333333,103142.449914483,285.795270041667,4.52437083333333,0,Red,B
10597.0416666667,102236.735864817,257.798422666667,4.86389583333333,0,Blue,M
9002.80833333333,110739.366971108,258.034452,5.1121875,2,Blue-white,A
9747.72083333333,94866.7354028958,291.567569416667,4.64035833333333,0,Blue,O
9880.6375,99543.140051175,255.948064833333,5.253475,4,Blue,M
10614.0958333333,109612.898238537,283.730971875,3.19417083333333,2,Blue White,F
11458.5375,122978.170191179,211.042696791667,5.96798333333333,2,Red,O
9563.86666666667,111222.265297154,254.975606708333,5.46892083333333,5,Blue-white,M
10933.325,107807.253253908,283.508864291667,4.560675,4,Blue-white,M
11040.2541666667,96149.4857022458,210.533788875,4.81887916666667,1,Blue,M
10019.6375,101230.928845808,212.382995791667,4.66330416666667,0,Red,B
9776.675,95047.3720520333,227.550205375,4.96220416666667,5,Red,O
10648.3541666667,102682.756168008,217.851179125,3.9668,5,Red,B
11093.025,89488.2180887125,182.070957125,2.56456666666667,0,Red,M
10894.35,100426.46231855,250.342861416667,5.1236125,2,Blue White,M
10372.325,111157.681624958,280.9301595,3.2897,1,white,M
11776.8333333333,121405.441666142,211.491860875,5.23892083333333,4,Blue white ,M
9872.4375,90049.58457215,249.081057333333,3.19098333333333,0,Red,M
10103.1125,116396.005266375,185.958279291667,4.18329166666667,0,Blue,M
10768.8458333333,95785.7648416458,231.847095708333,4.16234583333333,4,Whitish,M
9802.75416666667,120349.637694746,237.713122583333,4.3412625,1,Yellowish White,B
10518.4125,94264.4203761042,228.969997833333,3.58632916666667,4,Red,M
11099.0041666667,107177.738541713,212.621546791667,4.98568333333333,2,yellow-white,A
10694.0583333333,93453.8941307708,226.053605625,5.02102916666667,4,Red,M
10379.2416666667,119482.555667129,231.784045583333,4.4996625,2,yellow-white,M
9643.21666666667,104035.44100665,234.984139666667,4.91195833333333,3,Red,F
10777.0041666667,111425.499447333,265.894736833333,4.63203333333333,0,yellow-white,O
10777.3208333333,119621.350664954,206.9009865,4.24722916666667,0,Blue,M
10116.6208333333,112837.594647562,264.702443833333,5.21452916666667,3,Blue-white,M
10029.825,108915.435557192,192.799924333333,4.38597083333333,4,Red,M
10079.8916666667,129748.872043817,224.969982916667,3.57292083333333,5,Red,O
10684.4666666667,107305.254114675,255.772712875,4.0974625,5,Blue White,B
10402.6041666667,94944.6501251042,253.079479375,5.1463,4,Blue,K
10928.9333333333,117781.784722025,197.317736916667,5.21085,0,Red,F
10863.4541666667,89746.7898501917,220.688158875,5.04,1,Blue,F
10129.2333333333,87403.7938697875,257.056214583333,3.98244583333333,2,Blue,A
11165.6666666667,103814.008538408,211.379649666667,4.64130833333333,2,yellow-white,F
11018.8041666667,93185.880049,226.1022465,4.36171666666667,1,Red,M
10784.3708333333,112883.143864679,205.752663083333,3.72374583333333,5,Red,M
11736.325,119231.712171075,268.177620166667,4.29903333333333,4,yellow-white,B
10406.65,135509.571681846,279.609259666667,4.31977083333333,3,Blue,B
10525.7708333333,92603.6764856833,289.82728175,3.99017916666667,3,Red,O
10639.9208333333,100778.065805808,162.659649208333,4.65563333333333,0,White,M
10430.6958333333,110447.332392525,216.743278666667,3.99718333333333,3,Blue,M
10992.5166666667,96886.5240265917,220.019472833333,3.7127375,2,Red,F
10798.675,100016.449332571,210.764819458333,4.37412916666667,4,Red,M
9519.54166666667,104716.477173833,265.4462585,3.3974125,0,White-Yellow,A
10844.9625,108472.476696458,255.7984945,4.859625,3,Red,O
10478.7583333333,97779.4442043625,207.158336958333,4.8770125,2,Red,O
11682.6041666667,120305.293797542,267.331663291667,5.64555416666667,4,Red,O
9951.3875,92430.3494999417,190.529884291667,3.38949583333333,5,Red,M
10059.6333333333,99264.8791703917,197.839127625,4.7206125,2,Blue,A
10575.65,101530.372983146,234.747040291667,5.19544166666667,5,Blue ,B
10540.6875,112707.542251737,170.0692585,4.4142,1,Red,M
9773.72916666667,121983.512775888,232.732202625,4.78308333333333,2,Blue,M
9232.87083333333,97632.7060537875,279.597974541667,4.1936625,4,Blue,M
11116.175,109793.925277163,236.064208041667,4.3518375,4,Red,M
10429.3208333333,115401.190190112,271.975817458333,4.02056666666667,4,Red,M
10611.1416666667,106905.358252717,233.842976125,5.02089166666667,4,Red,B
10995.1208333333,113107.50053835,257.272759833333,3.669875,4,Orange,B
10044.3,104067.60152165,309.839644208333,5.035625,2,Red,M
10787.825,131805.86977145,243.545196541667,3.7436625,4,Red,A
10894.275,86256.9327150042,217.00953775,4.08074166666667,4,Red,M
10963.9875,112607.927857125,208.122658416667,3.67241666666667,4,Blue White,B
10290.4083333333,91594.3306087,259.622273416667,4.65874583333333,3,Red,O
10167.6875,121168.026365379,180.522240708333,4.33292916666667,5,Orange-Red,O
10202.5708333333,104551.918006992,256.924155875,5.51367083333333,0,Red,F
10025.8166666667,94411.7886104583,288.167345708333,4.03145833333333,0,Blue,O
11359.0708333333,99343.1155220042,293.955307166667,5.0612375,4,Red,M
10789.5708333333,111511.409440496,225.477637625,4.7622125,3,Red,M
11167.1541666667,111276.997092188,214.542857958333,3.89988333333333,3,Red,M
11138.4958333333,132907.444268525,270.249135541667,4.94067916666667,3,yellowish,M
10832.125,101270.515437537,287.339572458333,4.510775,5,Red,M
10509.9916666667,130119.671659529,240.542974375,3.65434583333333,5,Blue-white,A
10629.0041666667,97153.9519497375,167.309379916667,3.64709166666667,4,Blue,M
11158.1625,115391.953328746,245.593695875,4.0257,3,Red,O
10538.6958333333,117941.6933304,259.714559125,4.47347083333333,3,Blue,M
11050.4708333333,112318.076017571,131.98087325,4.51352083333333,3,Red,A
10755.425,92947.92407345,209.904526041667,3.57176666666667,1,Red,B
9958.37916666667,100830.503992596,221.722934083333,4.21909583333333,3,Red,M
10156.7791666667,100720.116088742,261.750391,4.38180833333333,4,Red,M
10652.0458333333,124117.694520229,285.875334,5.01707916666667,1,Red,F
11272.25,114990.837166454,212.472921833333,3.96151666666667,1,Red,F
10912.7875,103473.215506721,246.5925425,5.96213333333333,0,Red,O
10346.2541666667,88339.992972175,249.532722375,5.19009583333333,0,Red,O
9999.51666666667,100559.39672915,269.41369625,4.36659166666667,0,Blue white ,B
10234.5333333333,112449.245353933,197.408856708333,6.1413625,0,Blue,K
10047.6,92451.5024221458,211.256058083333,4.617975,5,Red,F
10637.5541666667,102153.683481883,206.285334083333,3.748,0,Red,F
9991.90833333333,107540.3062717,255.698535708333,4.59085,0,Blue-White,O
10537.8416666667,115559.631635813,231.485361,3.0038625,3,Red,M
10347.025,113583.469810629,261.484184125,4.54645,2,Yellowish White,O
10860.4541666667,110866.329305129,186.314957,3.84294166666667,1,Blue White,B
10807.4416666667,111866.783343675,233.333603375,3.660825,2,Red,G
10691.75,90956.5906154458,274.788281958333,4.22466666666667,0,Blue-white,B
9969.54583333333,96077.3316461917,249.234654333333,3.12646666666667,4,Red,B
10592.0541666667,107911.760312133,254.039973041667,4.4893875,0,Red,M
10450.1583333333,95653.8144306833,230.7533015,6.0924375,5,Blue,O
10518.9125,107324.3561658,262.10502125,4.58313333333333,0,yellow-white,M
9584.35416666667,109962.026111283,295.84400225,3.95549583333333,2,Blue,K
10868.4083333333,88588.7470779,211.457132666667,4.34402916666667,5,Red,O
10084.7166666667,103577.894659175,318.670543416667,3.70633333333333,5,Blue-white,K
10751.5416666667,111057.934481712,259.83378225,4.33016666666667,1,Red,F
10120.175,109302.387781567,262.470466166667,5.40292083333333,2,white,F
10977.3,91078.5405851417,220.550037375,3.91680416666667,3,Yellowish,O
10361.4291666667,89404.375964175,241.032821916667,4.0322625,3,Red,B
9650.97083333333,112630.482915704,220.947832875,4.53849166666667,5,Red,F
10553.7291666667,139483.000131033,204.981877041667,5.3638375,5,Blue,M
10391.7708333333,123434.37780545,300.370295708333,4.38462916666667,4,Red,F
10097.425,123470.422092833,208.779928375,5.20382916666667,1,Red,M
10594.9166666667,98453.0277032542,250.731805791667,4.85935833333333,1,Red,M
10010.7708333333,130013.398830667,210.019093666667,5.22757083333333,5,Blue-white,B
10695.5666666667,97501.7754677958,220.164406,4.35755833333333,0,Red,M
10170.0666666667,119413.460461742,213.149793916667,4.59289583333333,5,Blue,M
11771.7041666667,93594.5998954583,216.761704041667,4.136175,3,Red,M
9756.9875,112166.811858008,243.042620416667,3.93379583333333,4,Blue-white,M
9896.14583333333,101151.976531925,224.635786291667,4.219275,2,Red,M
10571.2416666667,114759.97742835,226.504256208333,6.0348125,4,white,B
10821.2333333333,107614.530430546,240.655840583333,4.17844166666667,1,Blue,F
11103.2041666667,140175.883258675,219.160349,3.820475,3,Blue,F
10024.3375,120376.536103262,244.111631666667,3.7551875,0,yellow-white,M
9805.17083333333,126827.668739688,255.744372375,4.7440625,5,Red,O
10770.0958333333,118247.057929113,234.902604375,5.07517083333333,2,yellow-white,A
10741.9125,104213.259797196,153.383175708333,5.16720416666667,1,Red,B
10180.5166666667,91279.9347402917,281.261425666667,4.93638333333333,1,Red,O
10616.9666666667,90958.5485896458,212.393694166667,5.17985,4,White,M
10380.1791666667,93477.60375165,215.870606291667,3.700575,3,Red,A
11469.4291666667,107914.853033921,201.427501041667,4.20469583333333,1,Orange,O
10039.4666666667,118034.114669875,200.537023833333,4.12274583333333,4,yellow-white,A
10378.4,109549.575600183,232.388830916667,5.16688333333333,4,Red,F
11189.25,91214.4191389792,195.919730041667,3.99202916666667,4,White,M
10789.0625,114779.220552654,191.220829333333,2.77913333333333,2,Blue white ,M
9705.95833333333,118009.476093975,280.541681125,4.31419166666667,4,Red,M
10848.0083333333,115380.433794829,239.385948,3.51080833333333,0,Red,A
9423.8,106681.801329358,269.521647833333,5.2178875,2,Red,B
10450.0291666667,81883.9738162083,268.440266958333,4.07206666666667,4,Red,M
10075.7791666667,108861.301039071,233.435121875,4.41281666666667,0,yellow-white,M
11250.8541666667,96276.0105410625,271.7110845,5.50677916666667,5,Blue,M
11485.9708333333,105413.779857667,278.487197458333,4.99118333333333,0,Blue ,M
11258.8541666667,115166.050023117,233.403923791667,3.60299166666667,2,Blue,F
9827.38333333333,119742.730001488,191.4216145,3.867575,3,Red,M
8865.5,104395.093580692,209.025886083333,5.58252916666667,3,Blue,B
10682.6,102941.805741204,239.387721791667,4.76273333333333,4,Red,O
11386.5166666667,121762.722672183,209.355271083333,4.42653333333333,5,Yellowish,M
9872.57083333333,115825.225357171,267.449123125,4.39945833333333,0,Blue,B
10647.1041666667,102706.61149265,215.151933166667,4.5637,5,Orange-Red,M
10283.5666666667,117192.870779167,249.721334875,4.21661666666667,2,Red,A
11535.275,100338.283189554,245.254421541667,4.64904583333333,0,Blue-white,M
10096.3791666667,118399.437107346,244.613151125,4.77717083333333,4,Red,B
10743.6541666667,129240.342691388,198.420054458333,4.09342083333333,0,Blue,M
9786.925,109465.854580238,191.487459333333,4.81039583333333,3,Blue-white,M
11139.15,100070.972923137,221.735689875,4.02237916666667,5,yellow-white,O
10378.2458333333,83810.8504898,216.524770375,3.74214166666667,2,Blue,M
11638.6541666667,109841.636247508,228.202043625,4.38235416666667,5,Blue,M
9922.4625,107101.138292013,236.816994083333,5.08595833333333,4,Red,M
10452.2416666667,107443.739969475,237.681668875,4.407275,0,White,A
10064.3,108501.29555385,200.988500958333,5.52231666666667,2,White-Yellow,M
10280.9708333333,108585.679924846,204.775528958333,5.1566125,2,Pale yellow orange,K
9216.24166666667,100313.876646329,298.793662458333,2.443275,1,Blue,M
9926.29166666667,112692.930683954,263.200273416667,5.57274166666667,5,Red,M
10438.7875,101067.159877454,225.002248916667,4.84847083333333,0,Blue,O
10352.2291666667,113513.097789412,249.529963,3.95449583333333,0,Red,F
9953.37083333333,118616.006313004,243.508730166667,5.1723625,5,Blue,B
11404.2583333333,129398.594757496,215.404075291667,3.37502083333333,5,Red,F
10347.8291666667,99996.2465253125,213.67049525,4.37919583333333,2,Blue-white,A
10246.875,102187.877031608,271.875054333333,4.99660833333333,3,Red,O
11029.2333333333,100305.059999796,177.46836875,6.14145833333333,0,Red,O
10707.7666666667,112158.558369337,210.127165875,4.8219125,4,Red,O
10578.5875,128626.583001471,311.307059083333,5.57440833333333,5,Blue-white,O
10175.8166666667,114898.645051667,220.290755958333,3.73459166666667,3,Red,O
11059.075,117017.718673875,234.637790041667,3.8917625,1,Red,B
11197.6,98863.2810696667,226.411952916667,5.18049166666667,1,Blue-white,B
11191.0125,104148.273641667,179.78657675,6.0330125,4,Blue-white,F
10390.3916666667,123549.678056783,259.131463125,4.0442625,4,Red,B
10662.0958333333,113404.957794779,245.342533666667,4.80712083333333,5,Blue White,M
11049.4625,115230.826349254,257.219949333333,4.74880416666667,0,Blue,A
11716.3708333333,117997.983893187,219.599905208333,4.70086666666667,1,Blue,A
10221.4083333333,111413.609786396,173.439451833333,4.30844166666667,4,Blue,M
10348.8583333333,86015.7387188583,249.640332291667,3.5592875,2,Red,K
11109.0208333333,107835.298489671,223.431187375,3.688625,0,Blue,M
11079.6583333333,110615.439755175,173.779706333333,4.97034166666667,0,Blue-white,M
10716.5166666667,107734.866497929,283.267586541667,3.530275,2,Red,O
10762.9375,100140.368133133,233.084823833333,3.04185833333333,0,White,M
11567.2958333333,127539.825847425,259.000914583333,5.28140833333333,5,Red,B
11057.1208333333,92069.3158496625,227.311715833333,3.90868333333333,3,Red,B
10054.7166666667,92892.5379325125,272.157674833333,4.93634166666667,5,Blue,M
10272.8708333333,86855.5425718458,253.903392291667,4.59485416666667,5,Red,M
9340.9875,113945.802157463,269.092056958333,3.82170833333333,4,Red,K
11122.3125,108321.316618713,255.346683666667,5.1400375,0,Blue,F
10558.8291666667,121375.666607208,261.45249,3.89434583333333,5,Red,O
10222.7041666667,111991.140000225,277.587043458333,5.27405833333333,4,Red,F
10111.2416666667,86106.7922495917,236.457126791667,3.65582083333333,4,Pale yellow orange,B
10377.6958333333,105515.902259037,283.240942125,4.23797083333333,0,Red,K
11066.7958333333,124488.2277701,254.114520416667,4.65889583333333,4,Blue,B
11727.9666666667,104789.655524358,199.126146583333,3.8279375,1,yellow-white,B
10017.1083333333,118101.128275546,255.57074825,4.37388333333333,0,Blue-white,O
10193.475,117711.846038942,245.68097275,4.71649166666667,0,Blue-white,B
9793.82083333333,105149.708406379,223.613612083333,4.19847916666667,0,yellow-white,M
10952.5,93434.7956239042,213.516749541667,4.05660833333333,3,Blue,M
10106.6208333333,106274.7269285,251.740041791667,3.27717083333333,3,White-Yellow,B
9129.5125,107696.524028088,227.20632925,5.91023333333333,2,Blue,M
9503.2875,122723.879811762,332.082227041667,4.188775,0,Blue-white,M
9632.10833333333,113249.323905162,239.71928425,5.13857916666667,0,Blue,F
10316.3041666667,138566.69089095,225.032895041667,4.17922083333333,2,Red,M
10931.9375,91444.4090107417,258.808252375,3.64990416666667,3,Blue,M
10450.2375,128771.402070183,250.59978625,4.61066666666667,0,Blue,B
9544.20833333333,94663.4208885875,179.481530416667,3.9645875,3,Red,B
9371.70833333333,101732.543920538,230.287212583333,4.62540833333333,3,Red,B
11081.7666666667,114158.576380017,256.895815541667,3.96018333333333,5,Blue-white,O
9764.35833333333,74971.2572706625,220.196374666667,4.75573333333333,1,Red,O
10209.5875,99876.3728449667,209.101823875,4.01259583333333,3,Red,A
10143.8916666667,105651.285157496,210.3933105,3.7827,5,Blue,F
10160.8541666667,111976.099297808,227.750225833333,4.27622083333333,0,Blue-white,M
10165.2666666667,127361.32386525,257.737228708333,4.84883333333333,2,Blue,M
10669.375,106734.051462425,289.563831041667,4.5230125,0,white,M
10997.2916666667,104031.379806237,238.5461265,4.2482625,5,white,M
9447.3625,112895.061818479,215.725176708333,3.85090416666667,5,Red,M
10062.0541666667,100467.754736467,251.51574125,4.757625,1,Red,M
11354.0291666667,85123.2782823167,201.183538375,3.52620416666667,2,Red,B
11021.1958333333,111455.324814692,249.63775225,3.764925,1,Red,M
10521.275,99049.6235640083,286.306624791667,4.34950833333333,4,Red,M
9791.07083333333,125514.205437004,262.889870333333,4.61,0,Red,O
9874.00833333333,107123.540082912,232.64169,3.59497083333333,4,Red,B
10508.0541666667,95564.1785647583,241.192739041667,4.3978125,0,Blue,M
10341.4833333333,106327.625262717,232.129785083333,3.20654166666667,0,Red,B
10885.9916666667,123597.946747137,222.814396166667,5.65445416666667,0,Red,A
9944.15833333333,91730.8441946042,293.289237625,5.12695833333333,4,Blue,M
10156.4791666667,106914.126342121,222.614228333333,4.96819583333333,0,Red,B
9431.675,130715.226146996,226.170481083333,3.5848,5,Blue-white,M
9843.05833333333,105571.954650508,223.647067416667,3.99459166666667,5,White,M
10732.5958333333,103406.995510471,275.666692833333,5.54569166666667,0,Blue,M
12132.5375,120917.025686683,297.3261485,4.57224583333333,4,Blue-white,O
11322.9083333333,89372.3577927958,252.345102,3.7617,3,Blue-white,M
11210.1333333333,93367.5824529958,244.511643083333,5.17491666666667,0,yellow-white,M
10665.1916666667,84077.0705853083,248.64089525,4.66249583333333,4,Red,B
11024.6,112326.425016321,242.512692458333,4.05492916666667,0,Blue,M
11753.525,141015.080966892,242.574551208333,4.18371666666667,1,Red,O
9502.55,89259.7667050083,213.295347583333,4.78846666666667,4,Red,M
11041.3416666667,111296.432378867,195.712694833333,4.635075,2,Blue-white,O
10456.3291666667,101834.516073458,237.311055291667,4.3917,5,Red,B
11318.0375,102635.243120908,210.070959958333,4.43310833333333,1,Blue,M
10379.325,112828.661610417,237.796119458333,4.44175833333333,4,Red,F
11696.7541666667,101775.551788675,222.8677325,4.78790416666667,0,Blue-white,M
10636.8,113767.956291888,245.580040375,5.10067083333333,4,Blue-white,M
10799.6916666667,110251.623410579,196.931099416667,4.23726666666667,5,Red,B
11147.5916666667,105011.620505883,186.245066875,3.27340416666667,0,Blue,M
10407.2541666667,106713.571688087,276.493175333333,4.08455416666667,3,Blue,M
10551.7541666667,112550.398009438,184.764416833333,4.751,2,Pale yellow orange,B
11936.0208333333,98678.5759799417,203.423811875,4.82915,0,Blue,M
10167.875,98044.4707416542,214.919108791667,4.48632083333333,3,Red,M
10072.8458333333,98632.0185177333,222.521271625,4.04215416666667,0,Red,M
10802.4375,114937.662179504,250.0022715,4.0849,5,Blue-white,O
10881.8958333333,108654.714539204,274.493502916667,3.97533333333333,5,Blue-white,M
9997.7875,112615.457606488,245.287634,4.503075,1,Blue,M
9481.67916666667,95646.9578347333,239.025793833333,4.065375,2,Red,M
10093.7208333333,130078.554799337,176.473592083333,5.3749375,2,yellow-white,A
7991.84583333333,84456.9659292708,213.271557625,4.74125416666667,3,Blue,M
9994.84166666667,117767.648380067,252.651243375,4.9490375,2,Red,O
9587.06666666667,119163.308560817,247.815492041667,4.00365416666667,1,Blue white ,O
9855.32916666667,117305.249706946,171.663205916667,5.61748333333333,3,Blue-white,M
10540.725,91586.9411594833,241.412025125,4.08677083333333,2,Blue,M
9286.4,97570.9735681167,245.3943575,4.46039583333333,3,Red,K
12309.275,114020.228195762,236.944939,3.5309375,5,Blue-white,M
9867.84166666667,90837.1315233792,276.460314958333,3.6414625,1,Blue white,O
10123.8458333333,111544.412802933,331.242040333333,5.3495125,4,Red,B
10498.3958333333,110589.011926637,215.867286875,4.138275,0,White-Yellow,M
10801.85,101683.580888617,212.731518541667,4.3449,3,Red,O
10138.5,125311.160010342,258.31313825,5.47190416666667,3,white,M
10747.45,107935.903613188,237.67026625,4.981075,0,Yellowish,O
10459.0375,105794.061193571,226.629101375,4.83602083333333,0,Red,B
10687.1125,122386.541392883,186.186149083333,2.550225,5,Red,M
11153.5041666667,102932.065886046,222.345676541667,6.09522083333333,3,Red,O
11035.6333333333,87868.8319555792,300.705539458333,4.28507083333333,3,Red,A
10943.5791666667,109348.706706071,223.767980875,4.0587125,0,Blue,B
9718.45,103300.022893125,156.817620666667,4.1725,4,Blue-white,A
11850.175,106799.593916763,178.841253041667,4.64110416666667,1,Blue,M
12125.8,113283.618025017,202.56288025,4.39240416666667,4,Blue White,M
10295.5375,108960.426270929,236.061994208333,3.64495833333333,2,yellow-white,M
11581.3958333333,99026.5977188458,303.704513458333,5.00585,4,white,M
10322.8041666667,109640.658751754,216.839389416667,3.78492083333333,3,Blue,M
10357.7625,92727.6540127958,241.145774208333,4.59809166666667,2,Blue,A
9723.49583333333,93531.0615284875,242.340010458333,5.23382083333333,3,Red,B
10855.6416666667,105540.798036767,262.794087708333,3.39127083333333,5,yellow-white,M
11005.5708333333,106629.116021058,248.062016916667,5.20325833333333,2,Blue white ,M
11282.5333333333,117996.932995017,311.240513375,3.73079583333333,1,Blue,B
10847.1041666667,114775.335742242,236.293098666667,4.2121625,3,Blue,M
11021.1166666667,115833.626881454,272.506134083333,5.14922916666667,5,Red,B
10455.8166666667,109627.677826263,195.773837916667,4.20384583333333,5,Red,M
11445.9958333333,103839.603114021,239.456472541667,5.0629125,1,Red,M
10902.1041666667,127059.159584483,233.782743125,3.51488333333333,2,Orange-Red,M
10653.9166666667,95703.0743443917,193.280542958333,5.0304125,3,Blue,M
10333.7791666667,110857.999907442,209.343282208333,3.70801666666667,2,Red,O
